sample,thin_sample,who,which,forward,value
0,0,tsimane,OMCO,None,0.051014
0,0,tsimane,OCOM,None,0.112777
0,0,tsimane,OOMC,None,0.305778
0,0,tsimane,OMOC,None,0.033783
0,0,tsimane,OOCM,None,0.314726
0,0,tsimane,OCCO,None,0.031078
0,0,tsimane,CCOO,None,0.046052
0,0,tsimane,COCO,None,0.056562
0,0,tsimane,COOM,None,0.048231
1,1,tsimane,OMCO,None,0.042913
1,1,tsimane,OCOM,None,0.120677
1,1,tsimane,OOMC,None,0.534223
1,1,tsimane,OMOC,None,0.030695
1,1,tsimane,OOCM,None,0.128795
1,1,tsimane,OCCO,None,0.038395
1,1,tsimane,CCOO,None,0.020382
1,1,tsimane,COCO,None,0.028127
1,1,tsimane,COOM,None,0.055792
2,2,tsimane,OMCO,None,0.044726
2,2,tsimane,OCOM,None,0.114293
2,2,tsimane,OOMC,None,0.509271
2,2,tsimane,OMOC,None,0.035631
2,2,tsimane,OOCM,None,0.150030
2,2,tsimane,OCCO,None,0.041923
2,2,tsimane,CCOO,None,0.019335
2,2,tsimane,COCO,None,0.031559
2,2,tsimane,COOM,None,0.053233
3,3,tsimane,OMCO,None,0.036077
3,3,tsimane,OCOM,None,0.110400
3,3,tsimane,OOMC,None,0.416149
3,3,tsimane,OMOC,None,0.056692
3,3,tsimane,OOCM,None,0.233873
3,3,tsimane,OCCO,None,0.037603
3,3,tsimane,CCOO,None,0.039746
3,3,tsimane,COCO,None,0.026225
3,3,tsimane,COOM,None,0.043236
4,4,tsimane,OMCO,None,0.042589
4,4,tsimane,OCOM,None,0.127606
4,4,tsimane,OOMC,None,0.402936
4,4,tsimane,OMOC,None,0.049518
4,4,tsimane,OOCM,None,0.211422
4,4,tsimane,OCCO,None,0.041893
4,4,tsimane,CCOO,None,0.040240
4,4,tsimane,COCO,None,0.034817
4,4,tsimane,COOM,None,0.048979
5,5,tsimane,OMCO,None,0.023099
5,5,tsimane,OCOM,None,0.104017
5,5,tsimane,OOMC,None,0.282646
5,5,tsimane,OMOC,None,0.024609
5,5,tsimane,OOCM,None,0.407786
5,5,tsimane,OCCO,None,0.027969
5,5,tsimane,CCOO,None,0.031465
5,5,tsimane,COCO,None,0.038315
5,5,tsimane,COOM,None,0.060095
6,6,tsimane,OMCO,None,0.035249
6,6,tsimane,OCOM,None,0.114132
6,6,tsimane,OOMC,None,0.420439
6,6,tsimane,OMOC,None,0.022355
6,6,tsimane,OOCM,None,0.314919
6,6,tsimane,OCCO,None,0.024728
6,6,tsimane,CCOO,None,0.022260
6,6,tsimane,COCO,None,0.020275
6,6,tsimane,COOM,None,0.025642
7,7,tsimane,OMCO,None,0.037427
7,7,tsimane,OCOM,None,0.138680
7,7,tsimane,OOMC,None,0.542907
7,7,tsimane,OMOC,None,0.028929
7,7,tsimane,OOCM,None,0.125818
7,7,tsimane,OCCO,None,0.019408
7,7,tsimane,CCOO,None,0.029819
7,7,tsimane,COCO,None,0.028582
7,7,tsimane,COOM,None,0.048430
8,8,tsimane,OMCO,None,0.038075
8,8,tsimane,OCOM,None,0.081064
8,8,tsimane,OOMC,None,0.495739
8,8,tsimane,OMOC,None,0.031717
8,8,tsimane,OOCM,None,0.185244
8,8,tsimane,OCCO,None,0.026872
8,8,tsimane,CCOO,None,0.031299
8,8,tsimane,COCO,None,0.021805
8,8,tsimane,COOM,None,0.088186
9,9,tsimane,OMCO,None,0.030926
9,9,tsimane,OCOM,None,0.071000
9,9,tsimane,OOMC,None,0.470649
9,9,tsimane,OMOC,None,0.086844
9,9,tsimane,OOCM,None,0.185458
9,9,tsimane,OCCO,None,0.024632
9,9,tsimane,CCOO,None,0.053270
9,9,tsimane,COCO,None,0.021792
9,9,tsimane,COOM,None,0.055430
10,10,tsimane,OMCO,None,0.025738
10,10,tsimane,OCOM,None,0.072364
10,10,tsimane,OOMC,None,0.450699
10,10,tsimane,OMOC,None,0.023065
10,10,tsimane,OOCM,None,0.280031
10,10,tsimane,OCCO,None,0.031117
10,10,tsimane,CCOO,None,0.039342
10,10,tsimane,COCO,None,0.034392
10,10,tsimane,COOM,None,0.043251
11,11,tsimane,OMCO,None,0.030703
11,11,tsimane,OCOM,None,0.059864
11,11,tsimane,OOMC,None,0.490811
11,11,tsimane,OMOC,None,0.041334
11,11,tsimane,OOCM,None,0.249511
11,11,tsimane,OCCO,None,0.035703
11,11,tsimane,CCOO,None,0.038380
11,11,tsimane,COCO,None,0.029615
11,11,tsimane,COOM,None,0.024079
12,12,tsimane,OMCO,None,0.026497
12,12,tsimane,OCOM,None,0.076195
12,12,tsimane,OOMC,None,0.477118
12,12,tsimane,OMOC,None,0.037882
12,12,tsimane,OOCM,None,0.251835
12,12,tsimane,OCCO,None,0.034732
12,12,tsimane,CCOO,None,0.047738
12,12,tsimane,COCO,None,0.025735
12,12,tsimane,COOM,None,0.022267
13,13,tsimane,OMCO,None,0.032840
13,13,tsimane,OCOM,None,0.070612
13,13,tsimane,OOMC,None,0.382131
13,13,tsimane,OMOC,None,0.034738
13,13,tsimane,OOCM,None,0.352114
13,13,tsimane,OCCO,None,0.022437
13,13,tsimane,CCOO,None,0.028800
13,13,tsimane,COCO,None,0.021151
13,13,tsimane,COOM,None,0.055176
14,14,tsimane,OMCO,None,0.035226
14,14,tsimane,OCOM,None,0.073834
14,14,tsimane,OOMC,None,0.390055
14,14,tsimane,OMOC,None,0.044611
14,14,tsimane,OOCM,None,0.266622
14,14,tsimane,OCCO,None,0.048140
14,14,tsimane,CCOO,None,0.028954
14,14,tsimane,COCO,None,0.032711
14,14,tsimane,COOM,None,0.079847
15,15,tsimane,OMCO,None,0.019704
15,15,tsimane,OCOM,None,0.057205
15,15,tsimane,OOMC,None,0.440685
15,15,tsimane,OMOC,None,0.024095
15,15,tsimane,OOCM,None,0.335864
15,15,tsimane,OCCO,None,0.020812
15,15,tsimane,CCOO,None,0.029709
15,15,tsimane,COCO,None,0.014507
15,15,tsimane,COOM,None,0.057420
16,16,tsimane,OMCO,None,0.018411
16,16,tsimane,OCOM,None,0.053386
16,16,tsimane,OOMC,None,0.516003
16,16,tsimane,OMOC,None,0.035022
16,16,tsimane,OOCM,None,0.288091
16,16,tsimane,OCCO,None,0.015075
16,16,tsimane,CCOO,None,0.021134
16,16,tsimane,COCO,None,0.011892
16,16,tsimane,COOM,None,0.040986
17,17,tsimane,OMCO,None,0.035526
17,17,tsimane,OCOM,None,0.110469
17,17,tsimane,OOMC,None,0.374344
17,17,tsimane,OMOC,None,0.050475
17,17,tsimane,OOCM,None,0.251202
17,17,tsimane,OCCO,None,0.039770
17,17,tsimane,CCOO,None,0.047945
17,17,tsimane,COCO,None,0.038299
17,17,tsimane,COOM,None,0.051970
18,18,tsimane,OMCO,None,0.037015
18,18,tsimane,OCOM,None,0.051921
18,18,tsimane,OOMC,None,0.460082
18,18,tsimane,OMOC,None,0.032181
18,18,tsimane,OOCM,None,0.236954
18,18,tsimane,OCCO,None,0.027420
18,18,tsimane,CCOO,None,0.065384
18,18,tsimane,COCO,None,0.026250
18,18,tsimane,COOM,None,0.062792
19,19,tsimane,OMCO,None,0.040102
19,19,tsimane,OCOM,None,0.115551
19,19,tsimane,OOMC,None,0.324679
19,19,tsimane,OMOC,None,0.049255
19,19,tsimane,OOCM,None,0.286228
19,19,tsimane,OCCO,None,0.032874
19,19,tsimane,CCOO,None,0.050131
19,19,tsimane,COCO,None,0.032050
19,19,tsimane,COOM,None,0.069129
20,20,tsimane,OMCO,None,0.043535
20,20,tsimane,OCOM,None,0.048606
20,20,tsimane,OOMC,None,0.533266
20,20,tsimane,OMOC,None,0.034878
20,20,tsimane,OOCM,None,0.175052
20,20,tsimane,OCCO,None,0.020060
20,20,tsimane,CCOO,None,0.052323
20,20,tsimane,COCO,None,0.024067
20,20,tsimane,COOM,None,0.068214
21,21,tsimane,OMCO,None,0.043486
21,21,tsimane,OCOM,None,0.046897
21,21,tsimane,OOMC,None,0.530216
21,21,tsimane,OMOC,None,0.034532
21,21,tsimane,OOCM,None,0.174623
21,21,tsimane,OCCO,None,0.020749
21,21,tsimane,CCOO,None,0.055290
21,21,tsimane,COCO,None,0.024216
21,21,tsimane,COOM,None,0.069991
22,22,tsimane,OMCO,None,0.040345
22,22,tsimane,OCOM,None,0.048118
22,22,tsimane,OOMC,None,0.498399
22,22,tsimane,OMOC,None,0.038695
22,22,tsimane,OOCM,None,0.173276
22,22,tsimane,OCCO,None,0.025927
22,22,tsimane,CCOO,None,0.058287
22,22,tsimane,COCO,None,0.028574
22,22,tsimane,COOM,None,0.088379
23,23,tsimane,OMCO,None,0.034686
23,23,tsimane,OCOM,None,0.067729
23,23,tsimane,OOMC,None,0.488660
23,23,tsimane,OMOC,None,0.028078
23,23,tsimane,OOCM,None,0.177322
23,23,tsimane,OCCO,None,0.028174
23,23,tsimane,CCOO,None,0.060005
23,23,tsimane,COCO,None,0.036545
23,23,tsimane,COOM,None,0.078800
24,24,tsimane,OMCO,None,0.036542
24,24,tsimane,OCOM,None,0.073607
24,24,tsimane,OOMC,None,0.451252
24,24,tsimane,OMOC,None,0.025062
24,24,tsimane,OOCM,None,0.255950
24,24,tsimane,OCCO,None,0.030168
24,24,tsimane,CCOO,None,0.060862
24,24,tsimane,COCO,None,0.030485
24,24,tsimane,COOM,None,0.036072
25,25,tsimane,OMCO,None,0.032165
25,25,tsimane,OCOM,None,0.075824
25,25,tsimane,OOMC,None,0.442619
25,25,tsimane,OMOC,None,0.026596
25,25,tsimane,OOCM,None,0.269974
25,25,tsimane,OCCO,None,0.028032
25,25,tsimane,CCOO,None,0.048850
25,25,tsimane,COCO,None,0.038311
25,25,tsimane,COOM,None,0.037629
26,26,tsimane,OMCO,None,0.026499
26,26,tsimane,OCOM,None,0.112565
26,26,tsimane,OOMC,None,0.521192
26,26,tsimane,OMOC,None,0.015911
26,26,tsimane,OOCM,None,0.225019
26,26,tsimane,OCCO,None,0.016207
26,26,tsimane,CCOO,None,0.017049
26,26,tsimane,COCO,None,0.022961
26,26,tsimane,COOM,None,0.042596
27,27,tsimane,OMCO,None,0.041133
27,27,tsimane,OCOM,None,0.038985
27,27,tsimane,OOMC,None,0.488409
27,27,tsimane,OMOC,None,0.021539
27,27,tsimane,OOCM,None,0.306466
27,27,tsimane,OCCO,None,0.012717
27,27,tsimane,CCOO,None,0.023945
27,27,tsimane,COCO,None,0.032696
27,27,tsimane,COOM,None,0.034109
28,28,tsimane,OMCO,None,0.035558
28,28,tsimane,OCOM,None,0.089288
28,28,tsimane,OOMC,None,0.540260
28,28,tsimane,OMOC,None,0.019329
28,28,tsimane,OOCM,None,0.217013
28,28,tsimane,OCCO,None,0.016202
28,28,tsimane,CCOO,None,0.012994
28,28,tsimane,COCO,None,0.020757
28,28,tsimane,COOM,None,0.048599
29,29,tsimane,OMCO,None,0.045313
29,29,tsimane,OCOM,None,0.075803
29,29,tsimane,OOMC,None,0.416002
29,29,tsimane,OMOC,None,0.043200
29,29,tsimane,OOCM,None,0.269701
29,29,tsimane,OCCO,None,0.024617
29,29,tsimane,CCOO,None,0.042157
29,29,tsimane,COCO,None,0.033034
29,29,tsimane,COOM,None,0.050173
30,30,tsimane,OMCO,None,0.052880
30,30,tsimane,OCOM,None,0.068941
30,30,tsimane,OOMC,None,0.362777
30,30,tsimane,OMOC,None,0.053727
30,30,tsimane,OOCM,None,0.298699
30,30,tsimane,OCCO,None,0.031978
30,30,tsimane,CCOO,None,0.039004
30,30,tsimane,COCO,None,0.043965
30,30,tsimane,COOM,None,0.048029
31,31,tsimane,OMCO,None,0.071235
31,31,tsimane,OCOM,None,0.104509
31,31,tsimane,OOMC,None,0.365145
31,31,tsimane,OMOC,None,0.058497
31,31,tsimane,OOCM,None,0.213883
31,31,tsimane,OCCO,None,0.036397
31,31,tsimane,CCOO,None,0.040057
31,31,tsimane,COCO,None,0.067542
31,31,tsimane,COOM,None,0.042736
32,32,tsimane,OMCO,None,0.074553
32,32,tsimane,OCOM,None,0.101958
32,32,tsimane,OOMC,None,0.350669
32,32,tsimane,OMOC,None,0.059834
32,32,tsimane,OOCM,None,0.222945
32,32,tsimane,OCCO,None,0.033856
32,32,tsimane,CCOO,None,0.035447
32,32,tsimane,COCO,None,0.075978
32,32,tsimane,COOM,None,0.044760
33,33,tsimane,OMCO,None,0.075938
33,33,tsimane,OCOM,None,0.110699
33,33,tsimane,OOMC,None,0.350159
33,33,tsimane,OMOC,None,0.062978
33,33,tsimane,OOCM,None,0.233530
33,33,tsimane,OCCO,None,0.033441
33,33,tsimane,CCOO,None,0.031111
33,33,tsimane,COCO,None,0.065013
33,33,tsimane,COOM,None,0.037131
34,34,tsimane,OMCO,None,0.030021
34,34,tsimane,OCOM,None,0.063855
34,34,tsimane,OOMC,None,0.357750
34,34,tsimane,OMOC,None,0.018009
34,34,tsimane,OOCM,None,0.390058
34,34,tsimane,OCCO,None,0.025091
34,34,tsimane,CCOO,None,0.029949
34,34,tsimane,COCO,None,0.029942
34,34,tsimane,COOM,None,0.055325
35,35,tsimane,OMCO,None,0.033091
35,35,tsimane,OCOM,None,0.079159
35,35,tsimane,OOMC,None,0.348372
35,35,tsimane,OMOC,None,0.020551
35,35,tsimane,OOCM,None,0.354379
35,35,tsimane,OCCO,None,0.025664
35,35,tsimane,CCOO,None,0.035605
35,35,tsimane,COCO,None,0.031704
35,35,tsimane,COOM,None,0.071474
36,36,tsimane,OMCO,None,0.063505
36,36,tsimane,OCOM,None,0.082614
36,36,tsimane,OOMC,None,0.374931
36,36,tsimane,OMOC,None,0.027925
36,36,tsimane,OOCM,None,0.321126
36,36,tsimane,OCCO,None,0.013857
36,36,tsimane,CCOO,None,0.048746
36,36,tsimane,COCO,None,0.027070
36,36,tsimane,COOM,None,0.040226
37,37,tsimane,OMCO,None,0.049145
37,37,tsimane,OCOM,None,0.080527
37,37,tsimane,OOMC,None,0.474605
37,37,tsimane,OMOC,None,0.023533
37,37,tsimane,OOCM,None,0.231758
37,37,tsimane,OCCO,None,0.019014
37,37,tsimane,CCOO,None,0.023596
37,37,tsimane,COCO,None,0.045325
37,37,tsimane,COOM,None,0.052496
38,38,tsimane,OMCO,None,0.032448
38,38,tsimane,OCOM,None,0.044366
38,38,tsimane,OOMC,None,0.486045
38,38,tsimane,OMOC,None,0.029936
38,38,tsimane,OOCM,None,0.205952
38,38,tsimane,OCCO,None,0.027842
38,38,tsimane,CCOO,None,0.032689
38,38,tsimane,COCO,None,0.081080
38,38,tsimane,COOM,None,0.059643
39,39,tsimane,OMCO,None,0.046640
39,39,tsimane,OCOM,None,0.068025
39,39,tsimane,OOMC,None,0.512945
39,39,tsimane,OMOC,None,0.040175
39,39,tsimane,OOCM,None,0.220072
39,39,tsimane,OCCO,None,0.017968
39,39,tsimane,CCOO,None,0.015980
39,39,tsimane,COCO,None,0.038253
39,39,tsimane,COOM,None,0.039942
40,40,tsimane,OMCO,None,0.046640
40,40,tsimane,OCOM,None,0.068025
40,40,tsimane,OOMC,None,0.512945
40,40,tsimane,OMOC,None,0.040175
40,40,tsimane,OOCM,None,0.220072
40,40,tsimane,OCCO,None,0.017968
40,40,tsimane,CCOO,None,0.015980
40,40,tsimane,COCO,None,0.038253
40,40,tsimane,COOM,None,0.039942
41,41,tsimane,OMCO,None,0.046640
41,41,tsimane,OCOM,None,0.068025
41,41,tsimane,OOMC,None,0.512945
41,41,tsimane,OMOC,None,0.040175
41,41,tsimane,OOCM,None,0.220072
41,41,tsimane,OCCO,None,0.017968
41,41,tsimane,CCOO,None,0.015980
41,41,tsimane,COCO,None,0.038253
41,41,tsimane,COOM,None,0.039942
42,42,tsimane,OMCO,None,0.082012
42,42,tsimane,OCOM,None,0.058814
42,42,tsimane,OOMC,None,0.474362
42,42,tsimane,OMOC,None,0.024244
42,42,tsimane,OOCM,None,0.226613
42,42,tsimane,OCCO,None,0.023424
42,42,tsimane,CCOO,None,0.018831
42,42,tsimane,COCO,None,0.043320
42,42,tsimane,COOM,None,0.048381
43,43,tsimane,OMCO,None,0.045678
43,43,tsimane,OCOM,None,0.071874
43,43,tsimane,OOMC,None,0.449555
43,43,tsimane,OMOC,None,0.029475
43,43,tsimane,OOCM,None,0.293296
43,43,tsimane,OCCO,None,0.018881
43,43,tsimane,CCOO,None,0.019031
43,43,tsimane,COCO,None,0.032347
43,43,tsimane,COOM,None,0.039861
44,44,tsimane,OMCO,None,0.045139
44,44,tsimane,OCOM,None,0.065115
44,44,tsimane,OOMC,None,0.460051
44,44,tsimane,OMOC,None,0.028705
44,44,tsimane,OOCM,None,0.286821
44,44,tsimane,OCCO,None,0.017800
44,44,tsimane,CCOO,None,0.018993
44,44,tsimane,COCO,None,0.036140
44,44,tsimane,COOM,None,0.041237
45,45,tsimane,OMCO,None,0.033310
45,45,tsimane,OCOM,None,0.079096
45,45,tsimane,OOMC,None,0.531271
45,45,tsimane,OMOC,None,0.027852
45,45,tsimane,OOCM,None,0.211207
45,45,tsimane,OCCO,None,0.021261
45,45,tsimane,CCOO,None,0.024840
45,45,tsimane,COCO,None,0.049337
45,45,tsimane,COOM,None,0.021826
46,46,tsimane,OMCO,None,0.049227
46,46,tsimane,OCOM,None,0.058373
46,46,tsimane,OOMC,None,0.492559
46,46,tsimane,OMOC,None,0.034693
46,46,tsimane,OOCM,None,0.245389
46,46,tsimane,OCCO,None,0.018977
46,46,tsimane,CCOO,None,0.027668
46,46,tsimane,COCO,None,0.042731
46,46,tsimane,COOM,None,0.030384
47,47,tsimane,OMCO,None,0.052627
47,47,tsimane,OCOM,None,0.054958
47,47,tsimane,OOMC,None,0.485561
47,47,tsimane,OMOC,None,0.034866
47,47,tsimane,OOCM,None,0.251449
47,47,tsimane,OCCO,None,0.018942
47,47,tsimane,CCOO,None,0.025011
47,47,tsimane,COCO,None,0.044059
47,47,tsimane,COOM,None,0.032527
48,48,tsimane,OMCO,None,0.048290
48,48,tsimane,OCOM,None,0.058322
48,48,tsimane,OOMC,None,0.526719
48,48,tsimane,OMOC,None,0.023298
48,48,tsimane,OOCM,None,0.235023
48,48,tsimane,OCCO,None,0.021550
48,48,tsimane,CCOO,None,0.018784
48,48,tsimane,COCO,None,0.042034
48,48,tsimane,COOM,None,0.025980
49,49,tsimane,OMCO,None,0.048977
49,49,tsimane,OCOM,None,0.057461
49,49,tsimane,OOMC,None,0.517734
49,49,tsimane,OMOC,None,0.023124
49,49,tsimane,OOCM,None,0.241414
49,49,tsimane,OCCO,None,0.023913
49,49,tsimane,CCOO,None,0.017379
49,49,tsimane,COCO,None,0.042388
49,49,tsimane,COOM,None,0.027611
50,50,tsimane,OMCO,None,0.054551
50,50,tsimane,OCOM,None,0.060222
50,50,tsimane,OOMC,None,0.516609
50,50,tsimane,OMOC,None,0.022513
50,50,tsimane,OOCM,None,0.234052
50,50,tsimane,OCCO,None,0.023579
50,50,tsimane,CCOO,None,0.017020
50,50,tsimane,COCO,None,0.044154
50,50,tsimane,COOM,None,0.027300
51,51,tsimane,OMCO,None,0.053813
51,51,tsimane,OCOM,None,0.059306
51,51,tsimane,OOMC,None,0.518333
51,51,tsimane,OMOC,None,0.022235
51,51,tsimane,OOCM,None,0.227183
51,51,tsimane,OCCO,None,0.026332
51,51,tsimane,CCOO,None,0.021593
51,51,tsimane,COCO,None,0.042424
51,51,tsimane,COOM,None,0.028781
52,52,tsimane,OMCO,None,0.091405
52,52,tsimane,OCOM,None,0.090748
52,52,tsimane,OOMC,None,0.416991
52,52,tsimane,OMOC,None,0.040915
52,52,tsimane,OOCM,None,0.240219
52,52,tsimane,OCCO,None,0.016787
52,52,tsimane,CCOO,None,0.027635
52,52,tsimane,COCO,None,0.033057
52,52,tsimane,COOM,None,0.042244
53,53,tsimane,OMCO,None,0.074295
53,53,tsimane,OCOM,None,0.076637
53,53,tsimane,OOMC,None,0.419001
53,53,tsimane,OMOC,None,0.039578
53,53,tsimane,OOCM,None,0.293024
53,53,tsimane,OCCO,None,0.013990
53,53,tsimane,CCOO,None,0.022803
53,53,tsimane,COCO,None,0.028860
53,53,tsimane,COOM,None,0.031811
54,54,tsimane,OMCO,None,0.037252
54,54,tsimane,OCOM,None,0.078377
54,54,tsimane,OOMC,None,0.405084
54,54,tsimane,OMOC,None,0.037004
54,54,tsimane,OOCM,None,0.328941
54,54,tsimane,OCCO,None,0.019081
54,54,tsimane,CCOO,None,0.022716
54,54,tsimane,COCO,None,0.024331
54,54,tsimane,COOM,None,0.047213
55,55,tsimane,OMCO,None,0.059772
55,55,tsimane,OCOM,None,0.052436
55,55,tsimane,OOMC,None,0.482266
55,55,tsimane,OMOC,None,0.011996
55,55,tsimane,OOCM,None,0.290715
55,55,tsimane,OCCO,None,0.019368
55,55,tsimane,CCOO,None,0.013139
55,55,tsimane,COCO,None,0.026330
55,55,tsimane,COOM,None,0.043978
56,56,tsimane,OMCO,None,0.031546
56,56,tsimane,OCOM,None,0.047367
56,56,tsimane,OOMC,None,0.399365
56,56,tsimane,OMOC,None,0.028001
56,56,tsimane,OOCM,None,0.348260
56,56,tsimane,OCCO,None,0.017744
56,56,tsimane,CCOO,None,0.013864
56,56,tsimane,COCO,None,0.037723
56,56,tsimane,COOM,None,0.076130
57,57,tsimane,OMCO,None,0.064012
57,57,tsimane,OCOM,None,0.080216
57,57,tsimane,OOMC,None,0.379087
57,57,tsimane,OMOC,None,0.035152
57,57,tsimane,OOCM,None,0.218068
57,57,tsimane,OCCO,None,0.038208
57,57,tsimane,CCOO,None,0.034017
57,57,tsimane,COCO,None,0.054184
57,57,tsimane,COOM,None,0.097057
58,58,tsimane,OMCO,None,0.065255
58,58,tsimane,OCOM,None,0.041465
58,58,tsimane,OOMC,None,0.459282
58,58,tsimane,OMOC,None,0.038846
58,58,tsimane,OOCM,None,0.239140
58,58,tsimane,OCCO,None,0.026325
58,58,tsimane,CCOO,None,0.027437
58,58,tsimane,COCO,None,0.026443
58,58,tsimane,COOM,None,0.075808
59,59,tsimane,OMCO,None,0.055670
59,59,tsimane,OCOM,None,0.071579
59,59,tsimane,OOMC,None,0.422489
59,59,tsimane,OMOC,None,0.037301
59,59,tsimane,OOCM,None,0.243809
59,59,tsimane,OCCO,None,0.027459
59,59,tsimane,CCOO,None,0.027349
59,59,tsimane,COCO,None,0.053852
59,59,tsimane,COOM,None,0.060491
60,60,tsimane,OMCO,None,0.064804
60,60,tsimane,OCOM,None,0.060876
60,60,tsimane,OOMC,None,0.513790
60,60,tsimane,OMOC,None,0.037356
60,60,tsimane,OOCM,None,0.158019
60,60,tsimane,OCCO,None,0.021721
60,60,tsimane,CCOO,None,0.023078
60,60,tsimane,COCO,None,0.049551
60,60,tsimane,COOM,None,0.070806
61,61,tsimane,OMCO,None,0.033610
61,61,tsimane,OCOM,None,0.037669
61,61,tsimane,OOMC,None,0.453082
61,61,tsimane,OMOC,None,0.053882
61,61,tsimane,OOCM,None,0.335335
61,61,tsimane,OCCO,None,0.023392
61,61,tsimane,CCOO,None,0.009428
61,61,tsimane,COCO,None,0.010026
61,61,tsimane,COOM,None,0.043576
62,62,tsimane,OMCO,None,0.072498
62,62,tsimane,OCOM,None,0.069341
62,62,tsimane,OOMC,None,0.424237
62,62,tsimane,OMOC,None,0.064160
62,62,tsimane,OOCM,None,0.177004
62,62,tsimane,OCCO,None,0.051174
62,62,tsimane,CCOO,None,0.024453
62,62,tsimane,COCO,None,0.052095
62,62,tsimane,COOM,None,0.065038
63,63,tsimane,OMCO,None,0.070846
63,63,tsimane,OCOM,None,0.082633
63,63,tsimane,OOMC,None,0.405108
63,63,tsimane,OMOC,None,0.072514
63,63,tsimane,OOCM,None,0.183891
63,63,tsimane,OCCO,None,0.061283
63,63,tsimane,CCOO,None,0.022047
63,63,tsimane,COCO,None,0.051503
63,63,tsimane,COOM,None,0.050175
64,64,tsimane,OMCO,None,0.038961
64,64,tsimane,OCOM,None,0.032340
64,64,tsimane,OOMC,None,0.485951
64,64,tsimane,OMOC,None,0.032109
64,64,tsimane,OOCM,None,0.281426
64,64,tsimane,OCCO,None,0.025220
64,64,tsimane,CCOO,None,0.016533
64,64,tsimane,COCO,None,0.049146
64,64,tsimane,COOM,None,0.038313
65,65,tsimane,OMCO,None,0.049190
65,65,tsimane,OCOM,None,0.041323
65,65,tsimane,OOMC,None,0.547427
65,65,tsimane,OMOC,None,0.037835
65,65,tsimane,OOCM,None,0.155880
65,65,tsimane,OCCO,None,0.051595
65,65,tsimane,CCOO,None,0.033532
65,65,tsimane,COCO,None,0.040182
65,65,tsimane,COOM,None,0.043037
66,66,tsimane,OMCO,None,0.038283
66,66,tsimane,OCOM,None,0.049949
66,66,tsimane,OOMC,None,0.577477
66,66,tsimane,OMOC,None,0.035714
66,66,tsimane,OOCM,None,0.136769
66,66,tsimane,OCCO,None,0.051967
66,66,tsimane,CCOO,None,0.039769
66,66,tsimane,COCO,None,0.030846
66,66,tsimane,COOM,None,0.039227
67,67,tsimane,OMCO,None,0.033641
67,67,tsimane,OCOM,None,0.046281
67,67,tsimane,OOMC,None,0.528559
67,67,tsimane,OMOC,None,0.042689
67,67,tsimane,OOCM,None,0.176591
67,67,tsimane,OCCO,None,0.050684
67,67,tsimane,CCOO,None,0.041853
67,67,tsimane,COCO,None,0.033280
67,67,tsimane,COOM,None,0.046423
68,68,tsimane,OMCO,None,0.035358
68,68,tsimane,OCOM,None,0.053727
68,68,tsimane,OOMC,None,0.497909
68,68,tsimane,OMOC,None,0.042855
68,68,tsimane,OOCM,None,0.221693
68,68,tsimane,OCCO,None,0.046640
68,68,tsimane,CCOO,None,0.026010
68,68,tsimane,COCO,None,0.031214
68,68,tsimane,COOM,None,0.044594
69,69,tsimane,OMCO,None,0.041759
69,69,tsimane,OCOM,None,0.035980
69,69,tsimane,OOMC,None,0.534489
69,69,tsimane,OMOC,None,0.027332
69,69,tsimane,OOCM,None,0.225294
69,69,tsimane,OCCO,None,0.022115
69,69,tsimane,CCOO,None,0.024388
69,69,tsimane,COCO,None,0.023014
69,69,tsimane,COOM,None,0.065630
70,70,tsimane,OMCO,None,0.061784
70,70,tsimane,OCOM,None,0.069818
70,70,tsimane,OOMC,None,0.481679
70,70,tsimane,OMOC,None,0.039520
70,70,tsimane,OOCM,None,0.194267
70,70,tsimane,OCCO,None,0.041369
70,70,tsimane,CCOO,None,0.025605
70,70,tsimane,COCO,None,0.020504
70,70,tsimane,COOM,None,0.065455
71,71,tsimane,OMCO,None,0.029942
71,71,tsimane,OCOM,None,0.078870
71,71,tsimane,OOMC,None,0.450099
71,71,tsimane,OMOC,None,0.035575
71,71,tsimane,OOCM,None,0.256445
71,71,tsimane,OCCO,None,0.044736
71,71,tsimane,CCOO,None,0.021342
71,71,tsimane,COCO,None,0.022473
71,71,tsimane,COOM,None,0.060517
72,72,tsimane,OMCO,None,0.016911
72,72,tsimane,OCOM,None,0.076098
72,72,tsimane,OOMC,None,0.400600
72,72,tsimane,OMOC,None,0.027204
72,72,tsimane,OOCM,None,0.322165
72,72,tsimane,OCCO,None,0.048931
72,72,tsimane,CCOO,None,0.027717
72,72,tsimane,COCO,None,0.026719
72,72,tsimane,COOM,None,0.053654
73,73,tsimane,OMCO,None,0.053895
73,73,tsimane,OCOM,None,0.068765
73,73,tsimane,OOMC,None,0.451471
73,73,tsimane,OMOC,None,0.035340
73,73,tsimane,OOCM,None,0.243021
73,73,tsimane,OCCO,None,0.027473
73,73,tsimane,CCOO,None,0.036564
73,73,tsimane,COCO,None,0.027850
73,73,tsimane,COOM,None,0.055620
74,74,tsimane,OMCO,None,0.051107
74,74,tsimane,OCOM,None,0.063241
74,74,tsimane,OOMC,None,0.426867
74,74,tsimane,OMOC,None,0.041732
74,74,tsimane,OOCM,None,0.188260
74,74,tsimane,OCCO,None,0.052449
74,74,tsimane,CCOO,None,0.060870
74,74,tsimane,COCO,None,0.045605
74,74,tsimane,COOM,None,0.069868
75,75,tsimane,OMCO,None,0.015209
75,75,tsimane,OCOM,None,0.041547
75,75,tsimane,OOMC,None,0.577595
75,75,tsimane,OMOC,None,0.036673
75,75,tsimane,OOCM,None,0.195605
75,75,tsimane,OCCO,None,0.017083
75,75,tsimane,CCOO,None,0.049560
75,75,tsimane,COCO,None,0.023382
75,75,tsimane,COOM,None,0.043346
76,76,tsimane,OMCO,None,0.030501
76,76,tsimane,OCOM,None,0.050661
76,76,tsimane,OOMC,None,0.450409
76,76,tsimane,OMOC,None,0.030575
76,76,tsimane,OOCM,None,0.267616
76,76,tsimane,OCCO,None,0.032128
76,76,tsimane,CCOO,None,0.030870
76,76,tsimane,COCO,None,0.035118
76,76,tsimane,COOM,None,0.072123
77,77,tsimane,OMCO,None,0.020307
77,77,tsimane,OCOM,None,0.099322
77,77,tsimane,OOMC,None,0.443964
77,77,tsimane,OMOC,None,0.030967
77,77,tsimane,OOCM,None,0.249199
77,77,tsimane,OCCO,None,0.028778
77,77,tsimane,CCOO,None,0.032314
77,77,tsimane,COCO,None,0.028873
77,77,tsimane,COOM,None,0.066276
78,78,tsimane,OMCO,None,0.026418
78,78,tsimane,OCOM,None,0.066156
78,78,tsimane,OOMC,None,0.451591
78,78,tsimane,OMOC,None,0.043986
78,78,tsimane,OOCM,None,0.211425
78,78,tsimane,OCCO,None,0.029697
78,78,tsimane,CCOO,None,0.072788
78,78,tsimane,COCO,None,0.033256
78,78,tsimane,COOM,None,0.064683
79,79,tsimane,OMCO,None,0.026794
79,79,tsimane,OCOM,None,0.094702
79,79,tsimane,OOMC,None,0.524654
79,79,tsimane,OMOC,None,0.041109
79,79,tsimane,OOCM,None,0.133382
79,79,tsimane,OCCO,None,0.024759
79,79,tsimane,CCOO,None,0.068692
79,79,tsimane,COCO,None,0.042879
79,79,tsimane,COOM,None,0.043029
80,80,tsimane,OMCO,None,0.026319
80,80,tsimane,OCOM,None,0.095390
80,80,tsimane,OOMC,None,0.526547
80,80,tsimane,OMOC,None,0.040486
80,80,tsimane,OOCM,None,0.131434
80,80,tsimane,OCCO,None,0.025320
80,80,tsimane,CCOO,None,0.066699
80,80,tsimane,COCO,None,0.043208
80,80,tsimane,COOM,None,0.044596
81,81,tsimane,OMCO,None,0.038851
81,81,tsimane,OCOM,None,0.080166
81,81,tsimane,OOMC,None,0.480060
81,81,tsimane,OMOC,None,0.040089
81,81,tsimane,OOCM,None,0.193924
81,81,tsimane,OCCO,None,0.031372
81,81,tsimane,CCOO,None,0.069688
81,81,tsimane,COCO,None,0.036665
81,81,tsimane,COOM,None,0.029187
82,82,tsimane,OMCO,None,0.042792
82,82,tsimane,OCOM,None,0.078486
82,82,tsimane,OOMC,None,0.478315
82,82,tsimane,OMOC,None,0.040252
82,82,tsimane,OOCM,None,0.189091
82,82,tsimane,OCCO,None,0.029627
82,82,tsimane,CCOO,None,0.065402
82,82,tsimane,COCO,None,0.043292
82,82,tsimane,COOM,None,0.032744
83,83,tsimane,OMCO,None,0.029406
83,83,tsimane,OCOM,None,0.070116
83,83,tsimane,OOMC,None,0.376863
83,83,tsimane,OMOC,None,0.046055
83,83,tsimane,OOCM,None,0.291773
83,83,tsimane,OCCO,None,0.020589
83,83,tsimane,CCOO,None,0.064165
83,83,tsimane,COCO,None,0.019758
83,83,tsimane,COOM,None,0.081274
84,84,tsimane,OMCO,None,0.048859
84,84,tsimane,OCOM,None,0.122738
84,84,tsimane,OOMC,None,0.371740
84,84,tsimane,OMOC,None,0.015560
84,84,tsimane,OOCM,None,0.216223
84,84,tsimane,OCCO,None,0.056132
84,84,tsimane,CCOO,None,0.044267
84,84,tsimane,COCO,None,0.050992
84,84,tsimane,COOM,None,0.073489
85,85,tsimane,OMCO,None,0.048684
85,85,tsimane,OCOM,None,0.103693
85,85,tsimane,OOMC,None,0.404917
85,85,tsimane,OMOC,None,0.031621
85,85,tsimane,OOCM,None,0.233812
85,85,tsimane,OCCO,None,0.050907
85,85,tsimane,CCOO,None,0.042261
85,85,tsimane,COCO,None,0.038755
85,85,tsimane,COOM,None,0.045350
86,86,tsimane,OMCO,None,0.037301
86,86,tsimane,OCOM,None,0.076984
86,86,tsimane,OOMC,None,0.406547
86,86,tsimane,OMOC,None,0.025883
86,86,tsimane,OOCM,None,0.285769
86,86,tsimane,OCCO,None,0.055811
86,86,tsimane,CCOO,None,0.032280
86,86,tsimane,COCO,None,0.017743
86,86,tsimane,COOM,None,0.061683
87,87,tsimane,OMCO,None,0.041326
87,87,tsimane,OCOM,None,0.113412
87,87,tsimane,OOMC,None,0.314214
87,87,tsimane,OMOC,None,0.022114
87,87,tsimane,OOCM,None,0.307936
87,87,tsimane,OCCO,None,0.057091
87,87,tsimane,CCOO,None,0.029315
87,87,tsimane,COCO,None,0.026445
87,87,tsimane,COOM,None,0.088147
88,88,tsimane,OMCO,None,0.052089
88,88,tsimane,OCOM,None,0.102793
88,88,tsimane,OOMC,None,0.297109
88,88,tsimane,OMOC,None,0.021100
88,88,tsimane,OOCM,None,0.347486
88,88,tsimane,OCCO,None,0.051026
88,88,tsimane,CCOO,None,0.041088
88,88,tsimane,COCO,None,0.017174
88,88,tsimane,COOM,None,0.070137
89,89,tsimane,OMCO,None,0.032418
89,89,tsimane,OCOM,None,0.079751
89,89,tsimane,OOMC,None,0.371368
89,89,tsimane,OMOC,None,0.020566
89,89,tsimane,OOCM,None,0.313389
89,89,tsimane,OCCO,None,0.039201
89,89,tsimane,CCOO,None,0.015632
89,89,tsimane,COCO,None,0.036552
89,89,tsimane,COOM,None,0.091124
90,90,tsimane,OMCO,None,0.037735
90,90,tsimane,OCOM,None,0.080809
90,90,tsimane,OOMC,None,0.503782
90,90,tsimane,OMOC,None,0.042452
90,90,tsimane,OOCM,None,0.169889
90,90,tsimane,OCCO,None,0.044959
90,90,tsimane,CCOO,None,0.020145
90,90,tsimane,COCO,None,0.043471
90,90,tsimane,COOM,None,0.056757
91,91,tsimane,OMCO,None,0.039243
91,91,tsimane,OCOM,None,0.077715
91,91,tsimane,OOMC,None,0.510098
91,91,tsimane,OMOC,None,0.041757
91,91,tsimane,OOCM,None,0.182330
91,91,tsimane,OCCO,None,0.043189
91,91,tsimane,CCOO,None,0.018334
91,91,tsimane,COCO,None,0.038639
91,91,tsimane,COOM,None,0.048696
92,92,tsimane,OMCO,None,0.028387
92,92,tsimane,OCOM,None,0.072645
92,92,tsimane,OOMC,None,0.448287
92,92,tsimane,OMOC,None,0.027219
92,92,tsimane,OOCM,None,0.271623
92,92,tsimane,OCCO,None,0.038112
92,92,tsimane,CCOO,None,0.032903
92,92,tsimane,COCO,None,0.025016
92,92,tsimane,COOM,None,0.055809
93,93,tsimane,OMCO,None,0.029482
93,93,tsimane,OCOM,None,0.081758
93,93,tsimane,OOMC,None,0.384937
93,93,tsimane,OMOC,None,0.043259
93,93,tsimane,OOCM,None,0.239655
93,93,tsimane,OCCO,None,0.040385
93,93,tsimane,CCOO,None,0.053520
93,93,tsimane,COCO,None,0.070625
93,93,tsimane,COOM,None,0.056379
94,94,tsimane,OMCO,None,0.022796
94,94,tsimane,OCOM,None,0.059616
94,94,tsimane,OOMC,None,0.405117
94,94,tsimane,OMOC,None,0.059616
94,94,tsimane,OOCM,None,0.240409
94,94,tsimane,OCCO,None,0.037357
94,94,tsimane,CCOO,None,0.045842
94,94,tsimane,COCO,None,0.070922
94,94,tsimane,COOM,None,0.058324
95,95,tsimane,OMCO,None,0.025231
95,95,tsimane,OCOM,None,0.087809
95,95,tsimane,OOMC,None,0.455586
95,95,tsimane,OMOC,None,0.060833
95,95,tsimane,OOCM,None,0.212399
95,95,tsimane,OCCO,None,0.031087
95,95,tsimane,CCOO,None,0.037752
95,95,tsimane,COCO,None,0.041765
95,95,tsimane,COOM,None,0.047538
96,96,tsimane,OMCO,None,0.026920
96,96,tsimane,OCOM,None,0.087282
96,96,tsimane,OOMC,None,0.460674
96,96,tsimane,OMOC,None,0.059987
96,96,tsimane,OOCM,None,0.214537
96,96,tsimane,OCCO,None,0.029746
96,96,tsimane,CCOO,None,0.036821
96,96,tsimane,COCO,None,0.039715
96,96,tsimane,COOM,None,0.044318
97,97,tsimane,OMCO,None,0.032555
97,97,tsimane,OCOM,None,0.050476
97,97,tsimane,OOMC,None,0.498760
97,97,tsimane,OMOC,None,0.065723
97,97,tsimane,OOCM,None,0.192338
97,97,tsimane,OCCO,None,0.033001
97,97,tsimane,CCOO,None,0.035627
97,97,tsimane,COCO,None,0.029305
97,97,tsimane,COOM,None,0.062214
98,98,tsimane,OMCO,None,0.016458
98,98,tsimane,OCOM,None,0.065271
98,98,tsimane,OOMC,None,0.540794
98,98,tsimane,OMOC,None,0.072361
98,98,tsimane,OOCM,None,0.202728
98,98,tsimane,OCCO,None,0.019147
98,98,tsimane,CCOO,None,0.012498
98,98,tsimane,COCO,None,0.021040
98,98,tsimane,COOM,None,0.049702
99,99,tsimane,OMCO,None,0.031512
99,99,tsimane,OCOM,None,0.074631
99,99,tsimane,OOMC,None,0.412531
99,99,tsimane,OMOC,None,0.071430
99,99,tsimane,OOCM,None,0.280020
99,99,tsimane,OCCO,None,0.031034
99,99,tsimane,CCOO,None,0.030036
99,99,tsimane,COCO,None,0.020873
99,99,tsimane,COOM,None,0.047932
100,100,tsimane,OMCO,None,0.061434
100,100,tsimane,OCOM,None,0.072974
100,100,tsimane,OOMC,None,0.386146
100,100,tsimane,OMOC,None,0.084466
100,100,tsimane,OOCM,None,0.259633
100,100,tsimane,OCCO,None,0.023094
100,100,tsimane,CCOO,None,0.025348
100,100,tsimane,COCO,None,0.045328
100,100,tsimane,COOM,None,0.041578
101,101,tsimane,OMCO,None,0.061113
101,101,tsimane,OCOM,None,0.067772
101,101,tsimane,OOMC,None,0.392667
101,101,tsimane,OMOC,None,0.088983
101,101,tsimane,OOCM,None,0.259389
101,101,tsimane,OCCO,None,0.022520
101,101,tsimane,CCOO,None,0.023113
101,101,tsimane,COCO,None,0.042763
101,101,tsimane,COOM,None,0.041679
102,102,tsimane,OMCO,None,0.047765
102,102,tsimane,OCOM,None,0.073052
102,102,tsimane,OOMC,None,0.400654
102,102,tsimane,OMOC,None,0.073319
102,102,tsimane,OOCM,None,0.271122
102,102,tsimane,OCCO,None,0.022905
102,102,tsimane,CCOO,None,0.031986
102,102,tsimane,COCO,None,0.043571
102,102,tsimane,COOM,None,0.035627
103,103,tsimane,OMCO,None,0.028890
103,103,tsimane,OCOM,None,0.062251
103,103,tsimane,OOMC,None,0.434431
103,103,tsimane,OMOC,None,0.071197
103,103,tsimane,OOCM,None,0.257116
103,103,tsimane,OCCO,None,0.033112
103,103,tsimane,CCOO,None,0.029862
103,103,tsimane,COCO,None,0.038428
103,103,tsimane,COOM,None,0.044712
104,104,tsimane,OMCO,None,0.039421
104,104,tsimane,OCOM,None,0.069890
104,104,tsimane,OOMC,None,0.453095
104,104,tsimane,OMOC,None,0.038035
104,104,tsimane,OOCM,None,0.226217
104,104,tsimane,OCCO,None,0.047961
104,104,tsimane,CCOO,None,0.038594
104,104,tsimane,COCO,None,0.042128
104,104,tsimane,COOM,None,0.044659
105,105,tsimane,OMCO,None,0.035975
105,105,tsimane,OCOM,None,0.071063
105,105,tsimane,OOMC,None,0.414323
105,105,tsimane,OMOC,None,0.050987
105,105,tsimane,OOCM,None,0.248984
105,105,tsimane,OCCO,None,0.047209
105,105,tsimane,CCOO,None,0.034331
105,105,tsimane,COCO,None,0.043868
105,105,tsimane,COOM,None,0.053260
106,106,tsimane,OMCO,None,0.041166
106,106,tsimane,OCOM,None,0.052693
106,106,tsimane,OOMC,None,0.444760
106,106,tsimane,OMOC,None,0.057136
106,106,tsimane,OOCM,None,0.269170
106,106,tsimane,OCCO,None,0.025367
106,106,tsimane,CCOO,None,0.034479
106,106,tsimane,COCO,None,0.032602
106,106,tsimane,COOM,None,0.042627
107,107,tsimane,OMCO,None,0.032332
107,107,tsimane,OCOM,None,0.063726
107,107,tsimane,OOMC,None,0.436538
107,107,tsimane,OMOC,None,0.040648
107,107,tsimane,OOCM,None,0.244086
107,107,tsimane,OCCO,None,0.036264
107,107,tsimane,CCOO,None,0.038258
107,107,tsimane,COCO,None,0.050309
107,107,tsimane,COOM,None,0.057839
108,108,tsimane,OMCO,None,0.061083
108,108,tsimane,OCOM,None,0.077974
108,108,tsimane,OOMC,None,0.357270
108,108,tsimane,OMOC,None,0.085140
108,108,tsimane,OOCM,None,0.170741
108,108,tsimane,OCCO,None,0.034255
108,108,tsimane,CCOO,None,0.048091
108,108,tsimane,COCO,None,0.040181
108,108,tsimane,COOM,None,0.125265
109,109,tsimane,OMCO,None,0.036694
109,109,tsimane,OCOM,None,0.048616
109,109,tsimane,OOMC,None,0.522003
109,109,tsimane,OMOC,None,0.032871
109,109,tsimane,OOCM,None,0.196751
109,109,tsimane,OCCO,None,0.030693
109,109,tsimane,CCOO,None,0.042278
109,109,tsimane,COCO,None,0.035630
109,109,tsimane,COOM,None,0.054463
110,110,tsimane,OMCO,None,0.053068
110,110,tsimane,OCOM,None,0.096114
110,110,tsimane,OOMC,None,0.462647
110,110,tsimane,OMOC,None,0.059765
110,110,tsimane,OOCM,None,0.127701
110,110,tsimane,OCCO,None,0.053118
110,110,tsimane,CCOO,None,0.036703
110,110,tsimane,COCO,None,0.038318
110,110,tsimane,COOM,None,0.072565
111,111,tsimane,OMCO,None,0.055765
111,111,tsimane,OCOM,None,0.100493
111,111,tsimane,OOMC,None,0.452805
111,111,tsimane,OMOC,None,0.055762
111,111,tsimane,OOCM,None,0.128180
111,111,tsimane,OCCO,None,0.054324
111,111,tsimane,CCOO,None,0.040809
111,111,tsimane,COCO,None,0.038896
111,111,tsimane,COOM,None,0.072966
112,112,tsimane,OMCO,None,0.048984
112,112,tsimane,OCOM,None,0.073488
112,112,tsimane,OOMC,None,0.416150
112,112,tsimane,OMOC,None,0.044176
112,112,tsimane,OOCM,None,0.222864
112,112,tsimane,OCCO,None,0.038517
112,112,tsimane,CCOO,None,0.043896
112,112,tsimane,COCO,None,0.036281
112,112,tsimane,COOM,None,0.075645
113,113,tsimane,OMCO,None,0.049904
113,113,tsimane,OCOM,None,0.100194
113,113,tsimane,OOMC,None,0.381460
113,113,tsimane,OMOC,None,0.079417
113,113,tsimane,OOCM,None,0.185593
113,113,tsimane,OCCO,None,0.044766
113,113,tsimane,CCOO,None,0.038181
113,113,tsimane,COCO,None,0.046191
113,113,tsimane,COOM,None,0.074294
114,114,tsimane,OMCO,None,0.032532
114,114,tsimane,OCOM,None,0.079771
114,114,tsimane,OOMC,None,0.474617
114,114,tsimane,OMOC,None,0.026824
114,114,tsimane,OOCM,None,0.244186
114,114,tsimane,OCCO,None,0.035008
114,114,tsimane,CCOO,None,0.029144
114,114,tsimane,COCO,None,0.037033
114,114,tsimane,COOM,None,0.040885
115,115,tsimane,OMCO,None,0.042924
115,115,tsimane,OCOM,None,0.082214
115,115,tsimane,OOMC,None,0.371719
115,115,tsimane,OMOC,None,0.054218
115,115,tsimane,OOCM,None,0.272720
115,115,tsimane,OCCO,None,0.045455
115,115,tsimane,CCOO,None,0.033624
115,115,tsimane,COCO,None,0.036188
115,115,tsimane,COOM,None,0.060936
116,116,tsimane,OMCO,None,0.030867
116,116,tsimane,OCOM,None,0.091703
116,116,tsimane,OOMC,None,0.535985
116,116,tsimane,OMOC,None,0.028874
116,116,tsimane,OOCM,None,0.171952
116,116,tsimane,OCCO,None,0.032815
116,116,tsimane,CCOO,None,0.032522
116,116,tsimane,COCO,None,0.040321
116,116,tsimane,COOM,None,0.034962
117,117,tsimane,OMCO,None,0.029527
117,117,tsimane,OCOM,None,0.095256
117,117,tsimane,OOMC,None,0.533988
117,117,tsimane,OMOC,None,0.028903
117,117,tsimane,OOCM,None,0.171044
117,117,tsimane,OCCO,None,0.032417
117,117,tsimane,CCOO,None,0.030775
117,117,tsimane,COCO,None,0.041378
117,117,tsimane,COOM,None,0.036713
118,118,tsimane,OMCO,None,0.014291
118,118,tsimane,OCOM,None,0.063287
118,118,tsimane,OOMC,None,0.437137
118,118,tsimane,OMOC,None,0.030863
118,118,tsimane,OOCM,None,0.325003
118,118,tsimane,OCCO,None,0.018684
118,118,tsimane,CCOO,None,0.018705
118,118,tsimane,COCO,None,0.032047
118,118,tsimane,COOM,None,0.059984
119,119,tsimane,OMCO,None,0.013752
119,119,tsimane,OCOM,None,0.071815
119,119,tsimane,OOMC,None,0.443225
119,119,tsimane,OMOC,None,0.029091
119,119,tsimane,OOCM,None,0.319917
119,119,tsimane,OCCO,None,0.017736
119,119,tsimane,CCOO,None,0.015275
119,119,tsimane,COCO,None,0.028780
119,119,tsimane,COOM,None,0.060409
120,120,tsimane,OMCO,None,0.038004
120,120,tsimane,OCOM,None,0.091543
120,120,tsimane,OOMC,None,0.476739
120,120,tsimane,OMOC,None,0.049694
120,120,tsimane,OOCM,None,0.156334
120,120,tsimane,OCCO,None,0.021750
120,120,tsimane,CCOO,None,0.017715
120,120,tsimane,COCO,None,0.018767
120,120,tsimane,COOM,None,0.129454
121,121,tsimane,OMCO,None,0.049958
121,121,tsimane,OCOM,None,0.086419
121,121,tsimane,OOMC,None,0.472641
121,121,tsimane,OMOC,None,0.047360
121,121,tsimane,OOCM,None,0.198668
121,121,tsimane,OCCO,None,0.032864
121,121,tsimane,CCOO,None,0.015319
121,121,tsimane,COCO,None,0.029347
121,121,tsimane,COOM,None,0.067423
122,122,tsimane,OMCO,None,0.062903
122,122,tsimane,OCOM,None,0.097176
122,122,tsimane,OOMC,None,0.380135
122,122,tsimane,OMOC,None,0.025765
122,122,tsimane,OOCM,None,0.284006
122,122,tsimane,OCCO,None,0.028326
122,122,tsimane,CCOO,None,0.058894
122,122,tsimane,COCO,None,0.015006
122,122,tsimane,COOM,None,0.047789
123,123,tsimane,OMCO,None,0.059666
123,123,tsimane,OCOM,None,0.130719
123,123,tsimane,OOMC,None,0.333007
123,123,tsimane,OMOC,None,0.056454
123,123,tsimane,OOCM,None,0.256340
123,123,tsimane,OCCO,None,0.022853
123,123,tsimane,CCOO,None,0.061888
123,123,tsimane,COCO,None,0.042729
123,123,tsimane,COOM,None,0.036343
124,124,tsimane,OMCO,None,0.058090
124,124,tsimane,OCOM,None,0.126881
124,124,tsimane,OOMC,None,0.289214
124,124,tsimane,OMOC,None,0.035610
124,124,tsimane,OOCM,None,0.317129
124,124,tsimane,OCCO,None,0.027808
124,124,tsimane,CCOO,None,0.048275
124,124,tsimane,COCO,None,0.048051
124,124,tsimane,COOM,None,0.048942
125,125,tsimane,OMCO,None,0.057978
125,125,tsimane,OCOM,None,0.121627
125,125,tsimane,OOMC,None,0.297773
125,125,tsimane,OMOC,None,0.036357
125,125,tsimane,OOCM,None,0.308949
125,125,tsimane,OCCO,None,0.030184
125,125,tsimane,CCOO,None,0.047264
125,125,tsimane,COCO,None,0.050094
125,125,tsimane,COOM,None,0.049773
126,126,tsimane,OMCO,None,0.057978
126,126,tsimane,OCOM,None,0.121627
126,126,tsimane,OOMC,None,0.297773
126,126,tsimane,OMOC,None,0.036357
126,126,tsimane,OOCM,None,0.308949
126,126,tsimane,OCCO,None,0.030184
126,126,tsimane,CCOO,None,0.047264
126,126,tsimane,COCO,None,0.050094
126,126,tsimane,COOM,None,0.049773
127,127,tsimane,OMCO,None,0.089507
127,127,tsimane,OCOM,None,0.111222
127,127,tsimane,OOMC,None,0.353495
127,127,tsimane,OMOC,None,0.045950
127,127,tsimane,OOCM,None,0.236134
127,127,tsimane,OCCO,None,0.040707
127,127,tsimane,CCOO,None,0.083505
127,127,tsimane,COCO,None,0.016770
127,127,tsimane,COOM,None,0.022709
128,128,tsimane,OMCO,None,0.038892
128,128,tsimane,OCOM,None,0.060458
128,128,tsimane,OOMC,None,0.303683
128,128,tsimane,OMOC,None,0.033042
128,128,tsimane,OOCM,None,0.324563
128,128,tsimane,OCCO,None,0.025054
128,128,tsimane,CCOO,None,0.104917
128,128,tsimane,COCO,None,0.029056
128,128,tsimane,COOM,None,0.080335
129,129,tsimane,OMCO,None,0.039330
129,129,tsimane,OCOM,None,0.065150
129,129,tsimane,OOMC,None,0.290380
129,129,tsimane,OMOC,None,0.033796
129,129,tsimane,OOCM,None,0.370861
129,129,tsimane,OCCO,None,0.020129
129,129,tsimane,CCOO,None,0.088173
129,129,tsimane,COCO,None,0.033373
129,129,tsimane,COOM,None,0.058808
130,130,tsimane,OMCO,None,0.062360
130,130,tsimane,OCOM,None,0.148627
130,130,tsimane,OOMC,None,0.385590
130,130,tsimane,OMOC,None,0.063750
130,130,tsimane,OOCM,None,0.158055
130,130,tsimane,OCCO,None,0.050109
130,130,tsimane,CCOO,None,0.061075
130,130,tsimane,COCO,None,0.022998
130,130,tsimane,COOM,None,0.047436
131,131,tsimane,OMCO,None,0.062340
131,131,tsimane,OCOM,None,0.165243
131,131,tsimane,OOMC,None,0.371865
131,131,tsimane,OMOC,None,0.067781
131,131,tsimane,OOCM,None,0.163234
131,131,tsimane,OCCO,None,0.046104
131,131,tsimane,CCOO,None,0.056980
131,131,tsimane,COCO,None,0.020748
131,131,tsimane,COOM,None,0.045705
132,132,tsimane,OMCO,None,0.044830
132,132,tsimane,OCOM,None,0.147492
132,132,tsimane,OOMC,None,0.408076
132,132,tsimane,OMOC,None,0.051178
132,132,tsimane,OOCM,None,0.189686
132,132,tsimane,OCCO,None,0.036061
132,132,tsimane,CCOO,None,0.060126
132,132,tsimane,COCO,None,0.022991
132,132,tsimane,COOM,None,0.039561
133,133,tsimane,OMCO,None,0.055696
133,133,tsimane,OCOM,None,0.104175
133,133,tsimane,OOMC,None,0.378882
133,133,tsimane,OMOC,None,0.043104
133,133,tsimane,OOCM,None,0.229317
133,133,tsimane,OCCO,None,0.050446
133,133,tsimane,CCOO,None,0.052817
133,133,tsimane,COCO,None,0.029748
133,133,tsimane,COOM,None,0.055815
134,134,tsimane,OMCO,None,0.051953
134,134,tsimane,OCOM,None,0.078943
134,134,tsimane,OOMC,None,0.355809
134,134,tsimane,OMOC,None,0.054823
134,134,tsimane,OOCM,None,0.249411
134,134,tsimane,OCCO,None,0.021028
134,134,tsimane,CCOO,None,0.036615
134,134,tsimane,COCO,None,0.036910
134,134,tsimane,COOM,None,0.114508
135,135,tsimane,OMCO,None,0.041691
135,135,tsimane,OCOM,None,0.134785
135,135,tsimane,OOMC,None,0.348315
135,135,tsimane,OMOC,None,0.042027
135,135,tsimane,OOCM,None,0.203901
135,135,tsimane,OCCO,None,0.020189
135,135,tsimane,CCOO,None,0.047502
135,135,tsimane,COCO,None,0.032047
135,135,tsimane,COOM,None,0.129543
136,136,tsimane,OMCO,None,0.035599
136,136,tsimane,OCOM,None,0.084371
136,136,tsimane,OOMC,None,0.405379
136,136,tsimane,OMOC,None,0.041665
136,136,tsimane,OOCM,None,0.176144
136,136,tsimane,OCCO,None,0.029476
136,136,tsimane,CCOO,None,0.045790
136,136,tsimane,COCO,None,0.041471
136,136,tsimane,COOM,None,0.140105
137,137,tsimane,OMCO,None,0.046297
137,137,tsimane,OCOM,None,0.109943
137,137,tsimane,OOMC,None,0.367489
137,137,tsimane,OMOC,None,0.043395
137,137,tsimane,OOCM,None,0.286447
137,137,tsimane,OCCO,None,0.040186
137,137,tsimane,CCOO,None,0.027006
137,137,tsimane,COCO,None,0.026337
137,137,tsimane,COOM,None,0.052902
138,138,tsimane,OMCO,None,0.060040
138,138,tsimane,OCOM,None,0.080201
138,138,tsimane,OOMC,None,0.354501
138,138,tsimane,OMOC,None,0.080660
138,138,tsimane,OOCM,None,0.228881
138,138,tsimane,OCCO,None,0.033819
138,138,tsimane,CCOO,None,0.042855
138,138,tsimane,COCO,None,0.050809
138,138,tsimane,COOM,None,0.068234
139,139,tsimane,OMCO,None,0.028773
139,139,tsimane,OCOM,None,0.059856
139,139,tsimane,OOMC,None,0.489644
139,139,tsimane,OMOC,None,0.046301
139,139,tsimane,OOCM,None,0.190250
139,139,tsimane,OCCO,None,0.028549
139,139,tsimane,CCOO,None,0.060832
139,139,tsimane,COCO,None,0.030876
139,139,tsimane,COOM,None,0.064919
140,140,tsimane,OMCO,None,0.049764
140,140,tsimane,OCOM,None,0.067899
140,140,tsimane,OOMC,None,0.367154
140,140,tsimane,OMOC,None,0.059933
140,140,tsimane,OOCM,None,0.204400
140,140,tsimane,OCCO,None,0.029569
140,140,tsimane,CCOO,None,0.058650
140,140,tsimane,COCO,None,0.059141
140,140,tsimane,COOM,None,0.103489
141,141,tsimane,OMCO,None,0.043222
141,141,tsimane,OCOM,None,0.069429
141,141,tsimane,OOMC,None,0.436139
141,141,tsimane,OMOC,None,0.044516
141,141,tsimane,OOCM,None,0.228558
141,141,tsimane,OCCO,None,0.026274
141,141,tsimane,CCOO,None,0.042072
141,141,tsimane,COCO,None,0.046857
141,141,tsimane,COOM,None,0.062934
142,142,tsimane,OMCO,None,0.042115
142,142,tsimane,OCOM,None,0.069229
142,142,tsimane,OOMC,None,0.427003
142,142,tsimane,OMOC,None,0.051918
142,142,tsimane,OOCM,None,0.217849
142,142,tsimane,OCCO,None,0.031017
142,142,tsimane,CCOO,None,0.047682
142,142,tsimane,COCO,None,0.048247
142,142,tsimane,COOM,None,0.064940
143,143,tsimane,OMCO,None,0.039985
143,143,tsimane,OCOM,None,0.068824
143,143,tsimane,OOMC,None,0.430592
143,143,tsimane,OMOC,None,0.053717
143,143,tsimane,OOCM,None,0.214027
143,143,tsimane,OCCO,None,0.028000
143,143,tsimane,CCOO,None,0.047186
143,143,tsimane,COCO,None,0.050460
143,143,tsimane,COOM,None,0.067210
144,144,tsimane,OMCO,None,0.043598
144,144,tsimane,OCOM,None,0.058419
144,144,tsimane,OOMC,None,0.459489
144,144,tsimane,OMOC,None,0.052003
144,144,tsimane,OOCM,None,0.204673
144,144,tsimane,OCCO,None,0.028129
144,144,tsimane,CCOO,None,0.032509
144,144,tsimane,COCO,None,0.049483
144,144,tsimane,COOM,None,0.071698
145,145,tsimane,OMCO,None,0.052538
145,145,tsimane,OCOM,None,0.039263
145,145,tsimane,OOMC,None,0.484842
145,145,tsimane,OMOC,None,0.054818
145,145,tsimane,OOCM,None,0.185279
145,145,tsimane,OCCO,None,0.046607
145,145,tsimane,CCOO,None,0.052253
145,145,tsimane,COCO,None,0.048643
145,145,tsimane,COOM,None,0.035757
146,146,tsimane,OMCO,None,0.033401
146,146,tsimane,OCOM,None,0.043711
146,146,tsimane,OOMC,None,0.430036
146,146,tsimane,OMOC,None,0.065667
146,146,tsimane,OOCM,None,0.293574
146,146,tsimane,OCCO,None,0.028700
146,146,tsimane,CCOO,None,0.023633
146,146,tsimane,COCO,None,0.034196
146,146,tsimane,COOM,None,0.047083
147,147,tsimane,OMCO,None,0.040755
147,147,tsimane,OCOM,None,0.077973
147,147,tsimane,OOMC,None,0.391000
147,147,tsimane,OMOC,None,0.047910
147,147,tsimane,OOCM,None,0.269397
147,147,tsimane,OCCO,None,0.046958
147,147,tsimane,CCOO,None,0.026895
147,147,tsimane,COCO,None,0.046226
147,147,tsimane,COOM,None,0.052886
148,148,tsimane,OMCO,None,0.023958
148,148,tsimane,OCOM,None,0.077117
148,148,tsimane,OOMC,None,0.501550
148,148,tsimane,OMOC,None,0.056946
148,148,tsimane,OOCM,None,0.167122
148,148,tsimane,OCCO,None,0.026155
148,148,tsimane,CCOO,None,0.030927
148,148,tsimane,COCO,None,0.027132
148,148,tsimane,COOM,None,0.089092
149,149,tsimane,OMCO,None,0.033019
149,149,tsimane,OCOM,None,0.075295
149,149,tsimane,OOMC,None,0.363429
149,149,tsimane,OMOC,None,0.085369
149,149,tsimane,OOCM,None,0.191643
149,149,tsimane,OCCO,None,0.063819
149,149,tsimane,CCOO,None,0.043994
149,149,tsimane,COCO,None,0.052352
149,149,tsimane,COOM,None,0.091081
150,150,tsimane,OMCO,None,0.038145
150,150,tsimane,OCOM,None,0.087028
150,150,tsimane,OOMC,None,0.556121
150,150,tsimane,OMOC,None,0.043803
150,150,tsimane,OOCM,None,0.088531
150,150,tsimane,OCCO,None,0.025741
150,150,tsimane,CCOO,None,0.026787
150,150,tsimane,COCO,None,0.025871
150,150,tsimane,COOM,None,0.107972
151,151,tsimane,OMCO,None,0.020170
151,151,tsimane,OCOM,None,0.065023
151,151,tsimane,OOMC,None,0.617772
151,151,tsimane,OMOC,None,0.028876
151,151,tsimane,OOCM,None,0.112494
151,151,tsimane,OCCO,None,0.017239
151,151,tsimane,CCOO,None,0.020091
151,151,tsimane,COCO,None,0.029462
151,151,tsimane,COOM,None,0.088875
152,152,tsimane,OMCO,None,0.044257
152,152,tsimane,OCOM,None,0.064274
152,152,tsimane,OOMC,None,0.552315
152,152,tsimane,OMOC,None,0.057171
152,152,tsimane,OOCM,None,0.122380
152,152,tsimane,OCCO,None,0.020297
152,152,tsimane,CCOO,None,0.030023
152,152,tsimane,COCO,None,0.044489
152,152,tsimane,COOM,None,0.064793
153,153,tsimane,OMCO,None,0.063441
153,153,tsimane,OCOM,None,0.054384
153,153,tsimane,OOMC,None,0.440767
153,153,tsimane,OMOC,None,0.030869
153,153,tsimane,OOCM,None,0.292845
153,153,tsimane,OCCO,None,0.024637
153,153,tsimane,CCOO,None,0.032599
153,153,tsimane,COCO,None,0.025069
153,153,tsimane,COOM,None,0.035390
154,154,tsimane,OMCO,None,0.032743
154,154,tsimane,OCOM,None,0.095575
154,154,tsimane,OOMC,None,0.496485
154,154,tsimane,OMOC,None,0.023260
154,154,tsimane,OOCM,None,0.230164
154,154,tsimane,OCCO,None,0.024376
154,154,tsimane,CCOO,None,0.033262
154,154,tsimane,COCO,None,0.028818
154,154,tsimane,COOM,None,0.035317
155,155,tsimane,OMCO,None,0.034328
155,155,tsimane,OCOM,None,0.092831
155,155,tsimane,OOMC,None,0.507967
155,155,tsimane,OMOC,None,0.021690
155,155,tsimane,OOCM,None,0.225598
155,155,tsimane,OCCO,None,0.025002
155,155,tsimane,CCOO,None,0.030624
155,155,tsimane,COCO,None,0.027155
155,155,tsimane,COOM,None,0.034806
156,156,tsimane,OMCO,None,0.034299
156,156,tsimane,OCOM,None,0.093126
156,156,tsimane,OOMC,None,0.494463
156,156,tsimane,OMOC,None,0.020551
156,156,tsimane,OOCM,None,0.233274
156,156,tsimane,OCCO,None,0.026253
156,156,tsimane,CCOO,None,0.032759
156,156,tsimane,COCO,None,0.027820
156,156,tsimane,COOM,None,0.037454
157,157,tsimane,OMCO,None,0.051443
157,157,tsimane,OCOM,None,0.047088
157,157,tsimane,OOMC,None,0.535395
157,157,tsimane,OMOC,None,0.028342
157,157,tsimane,OOCM,None,0.245867
157,157,tsimane,OCCO,None,0.018461
157,157,tsimane,CCOO,None,0.023332
157,157,tsimane,COCO,None,0.020033
157,157,tsimane,COOM,None,0.030038
158,158,tsimane,OMCO,None,0.062947
158,158,tsimane,OCOM,None,0.030654
158,158,tsimane,OOMC,None,0.486978
158,158,tsimane,OMOC,None,0.051505
158,158,tsimane,OOCM,None,0.202672
158,158,tsimane,OCCO,None,0.038996
158,158,tsimane,CCOO,None,0.046290
158,158,tsimane,COCO,None,0.025732
158,158,tsimane,COOM,None,0.054228
159,159,tsimane,OMCO,None,0.064762
159,159,tsimane,OCOM,None,0.029976
159,159,tsimane,OOMC,None,0.476594
159,159,tsimane,OMOC,None,0.048041
159,159,tsimane,OOCM,None,0.208601
159,159,tsimane,OCCO,None,0.041572
159,159,tsimane,CCOO,None,0.048625
159,159,tsimane,COCO,None,0.025832
159,159,tsimane,COOM,None,0.055996
160,160,tsimane,OMCO,None,0.064762
160,160,tsimane,OCOM,None,0.029976
160,160,tsimane,OOMC,None,0.476594
160,160,tsimane,OMOC,None,0.048041
160,160,tsimane,OOCM,None,0.208601
160,160,tsimane,OCCO,None,0.041572
160,160,tsimane,CCOO,None,0.048625
160,160,tsimane,COCO,None,0.025832
160,160,tsimane,COOM,None,0.055996
161,161,tsimane,OMCO,None,0.025686
161,161,tsimane,OCOM,None,0.061410
161,161,tsimane,OOMC,None,0.490627
161,161,tsimane,OMOC,None,0.017300
161,161,tsimane,OOCM,None,0.241773
161,161,tsimane,OCCO,None,0.028078
161,161,tsimane,CCOO,None,0.021073
161,161,tsimane,COCO,None,0.050425
161,161,tsimane,COOM,None,0.063627
162,162,tsimane,OMCO,None,0.031912
162,162,tsimane,OCOM,None,0.059939
162,162,tsimane,OOMC,None,0.425444
162,162,tsimane,OMOC,None,0.020346
162,162,tsimane,OOCM,None,0.283768
162,162,tsimane,OCCO,None,0.037297
162,162,tsimane,CCOO,None,0.031731
162,162,tsimane,COCO,None,0.043968
162,162,tsimane,COOM,None,0.065597
163,163,tsimane,OMCO,None,0.015244
163,163,tsimane,OCOM,None,0.120813
163,163,tsimane,OOMC,None,0.470641
163,163,tsimane,OMOC,None,0.029201
163,163,tsimane,OOCM,None,0.155725
163,163,tsimane,OCCO,None,0.030190
163,163,tsimane,CCOO,None,0.042281
163,163,tsimane,COCO,None,0.079866
163,163,tsimane,COOM,None,0.056038
164,164,tsimane,OMCO,None,0.014374
164,164,tsimane,OCOM,None,0.127248
164,164,tsimane,OOMC,None,0.469539
164,164,tsimane,OMOC,None,0.029168
164,164,tsimane,OOCM,None,0.160823
164,164,tsimane,OCCO,None,0.030480
164,164,tsimane,CCOO,None,0.041291
164,164,tsimane,COCO,None,0.077433
164,164,tsimane,COOM,None,0.049644
165,165,tsimane,OMCO,None,0.028355
165,165,tsimane,OCOM,None,0.100870
165,165,tsimane,OOMC,None,0.454369
165,165,tsimane,OMOC,None,0.085257
165,165,tsimane,OOCM,None,0.196283
165,165,tsimane,OCCO,None,0.024225
165,165,tsimane,CCOO,None,0.029011
165,165,tsimane,COCO,None,0.034117
165,165,tsimane,COOM,None,0.047514
166,166,tsimane,OMCO,None,0.069308
166,166,tsimane,OCOM,None,0.107573
166,166,tsimane,OOMC,None,0.412273
166,166,tsimane,OMOC,None,0.031540
166,166,tsimane,OOCM,None,0.179866
166,166,tsimane,OCCO,None,0.037636
166,166,tsimane,CCOO,None,0.052100
166,166,tsimane,COCO,None,0.050182
166,166,tsimane,COOM,None,0.059523
167,167,tsimane,OMCO,None,0.075165
167,167,tsimane,OCOM,None,0.118707
167,167,tsimane,OOMC,None,0.428120
167,167,tsimane,OMOC,None,0.031016
167,167,tsimane,OOCM,None,0.168593
167,167,tsimane,OCCO,None,0.037214
167,167,tsimane,CCOO,None,0.043533
167,167,tsimane,COCO,None,0.041422
167,167,tsimane,COOM,None,0.056231
168,168,tsimane,OMCO,None,0.062229
168,168,tsimane,OCOM,None,0.108791
168,168,tsimane,OOMC,None,0.431730
168,168,tsimane,OMOC,None,0.040721
168,168,tsimane,OOCM,None,0.190846
168,168,tsimane,OCCO,None,0.033168
168,168,tsimane,CCOO,None,0.031725
168,168,tsimane,COCO,None,0.038145
168,168,tsimane,COOM,None,0.062644
169,169,tsimane,OMCO,None,0.048923
169,169,tsimane,OCOM,None,0.102874
169,169,tsimane,OOMC,None,0.437452
169,169,tsimane,OMOC,None,0.051083
169,169,tsimane,OOCM,None,0.207049
169,169,tsimane,OCCO,None,0.033309
169,169,tsimane,CCOO,None,0.028817
169,169,tsimane,COCO,None,0.035917
169,169,tsimane,COOM,None,0.054575
170,170,tsimane,OMCO,None,0.051286
170,170,tsimane,OCOM,None,0.104018
170,170,tsimane,OOMC,None,0.451234
170,170,tsimane,OMOC,None,0.047676
170,170,tsimane,OOCM,None,0.204267
170,170,tsimane,OCCO,None,0.028933
170,170,tsimane,CCOO,None,0.026602
170,170,tsimane,COCO,None,0.034057
170,170,tsimane,COOM,None,0.051929
171,171,tsimane,OMCO,None,0.057553
171,171,tsimane,OCOM,None,0.084791
171,171,tsimane,OOMC,None,0.425067
171,171,tsimane,OMOC,None,0.056691
171,171,tsimane,OOCM,None,0.197157
171,171,tsimane,OCCO,None,0.033104
171,171,tsimane,CCOO,None,0.037984
171,171,tsimane,COCO,None,0.043147
171,171,tsimane,COOM,None,0.064506
172,172,tsimane,OMCO,None,0.083408
172,172,tsimane,OCOM,None,0.082423
172,172,tsimane,OOMC,None,0.351368
172,172,tsimane,OMOC,None,0.052204
172,172,tsimane,OOCM,None,0.203383
172,172,tsimane,OCCO,None,0.042129
172,172,tsimane,CCOO,None,0.057249
172,172,tsimane,COCO,None,0.051949
172,172,tsimane,COOM,None,0.075887
173,173,tsimane,OMCO,None,0.039629
173,173,tsimane,OCOM,None,0.050442
173,173,tsimane,OOMC,None,0.546600
173,173,tsimane,OMOC,None,0.027175
173,173,tsimane,OOCM,None,0.195659
173,173,tsimane,OCCO,None,0.028315
173,173,tsimane,CCOO,None,0.029728
173,173,tsimane,COCO,None,0.043100
173,173,tsimane,COOM,None,0.039352
174,174,tsimane,OMCO,None,0.036307
174,174,tsimane,OCOM,None,0.102447
174,174,tsimane,OOMC,None,0.477427
174,174,tsimane,OMOC,None,0.055029
174,174,tsimane,OOCM,None,0.111287
174,174,tsimane,OCCO,None,0.024965
174,174,tsimane,CCOO,None,0.020029
174,174,tsimane,COCO,None,0.063382
174,174,tsimane,COOM,None,0.109127
175,175,tsimane,OMCO,None,0.045599
175,175,tsimane,OCOM,None,0.115646
175,175,tsimane,OOMC,None,0.427053
175,175,tsimane,OMOC,None,0.039263
175,175,tsimane,OOCM,None,0.182309
175,175,tsimane,OCCO,None,0.034403
175,175,tsimane,CCOO,None,0.031824
175,175,tsimane,COCO,None,0.057582
175,175,tsimane,COOM,None,0.066320
176,176,tsimane,OMCO,None,0.035953
176,176,tsimane,OCOM,None,0.083724
176,176,tsimane,OOMC,None,0.482185
176,176,tsimane,OMOC,None,0.038150
176,176,tsimane,OOCM,None,0.221417
176,176,tsimane,OCCO,None,0.026555
176,176,tsimane,CCOO,None,0.019003
176,176,tsimane,COCO,None,0.046560
176,176,tsimane,COOM,None,0.046452
177,177,tsimane,OMCO,None,0.042110
177,177,tsimane,OCOM,None,0.074924
177,177,tsimane,OOMC,None,0.550554
177,177,tsimane,OMOC,None,0.034280
177,177,tsimane,OOCM,None,0.094959
177,177,tsimane,OCCO,None,0.022027
177,177,tsimane,CCOO,None,0.022882
177,177,tsimane,COCO,None,0.070010
177,177,tsimane,COOM,None,0.088254
178,178,tsimane,OMCO,None,0.049710
178,178,tsimane,OCOM,None,0.065016
178,178,tsimane,OOMC,None,0.549135
178,178,tsimane,OMOC,None,0.032056
178,178,tsimane,OOCM,None,0.151254
178,178,tsimane,OCCO,None,0.021298
178,178,tsimane,CCOO,None,0.022771
178,178,tsimane,COCO,None,0.045806
178,178,tsimane,COOM,None,0.062953
179,179,tsimane,OMCO,None,0.050753
179,179,tsimane,OCOM,None,0.066641
179,179,tsimane,OOMC,None,0.424261
179,179,tsimane,OMOC,None,0.045187
179,179,tsimane,OOCM,None,0.264182
179,179,tsimane,OCCO,None,0.036705
179,179,tsimane,CCOO,None,0.030943
179,179,tsimane,COCO,None,0.031521
179,179,tsimane,COOM,None,0.049807
180,180,tsimane,OMCO,None,0.042400
180,180,tsimane,OCOM,None,0.091333
180,180,tsimane,OOMC,None,0.432992
180,180,tsimane,OMOC,None,0.038989
180,180,tsimane,OOCM,None,0.208778
180,180,tsimane,OCCO,None,0.017642
180,180,tsimane,CCOO,None,0.040936
180,180,tsimane,COCO,None,0.067083
180,180,tsimane,COOM,None,0.059847
181,181,tsimane,OMCO,None,0.014640
181,181,tsimane,OCOM,None,0.040935
181,181,tsimane,OOMC,None,0.567239
181,181,tsimane,OMOC,None,0.017312
181,181,tsimane,OOCM,None,0.264554
181,181,tsimane,OCCO,None,0.024565
181,181,tsimane,CCOO,None,0.020268
181,181,tsimane,COCO,None,0.019539
181,181,tsimane,COOM,None,0.030948
182,182,tsimane,OMCO,None,0.022656
182,182,tsimane,OCOM,None,0.077349
182,182,tsimane,OOMC,None,0.481566
182,182,tsimane,OMOC,None,0.038549
182,182,tsimane,OOCM,None,0.196624
182,182,tsimane,OCCO,None,0.069579
182,182,tsimane,CCOO,None,0.024957
182,182,tsimane,COCO,None,0.044041
182,182,tsimane,COOM,None,0.044680
183,183,tsimane,OMCO,None,0.010807
183,183,tsimane,OCOM,None,0.051668
183,183,tsimane,OOMC,None,0.505216
183,183,tsimane,OMOC,None,0.027982
183,183,tsimane,OOCM,None,0.304500
183,183,tsimane,OCCO,None,0.029560
183,183,tsimane,CCOO,None,0.016703
183,183,tsimane,COCO,None,0.020058
183,183,tsimane,COOM,None,0.033506
184,184,tsimane,OMCO,None,0.014643
184,184,tsimane,OCOM,None,0.066171
184,184,tsimane,OOMC,None,0.537513
184,184,tsimane,OMOC,None,0.036963
184,184,tsimane,OOCM,None,0.176419
184,184,tsimane,OCCO,None,0.030672
184,184,tsimane,CCOO,None,0.032316
184,184,tsimane,COCO,None,0.022353
184,184,tsimane,COOM,None,0.082950
185,185,tsimane,OMCO,None,0.018283
185,185,tsimane,OCOM,None,0.079535
185,185,tsimane,OOMC,None,0.609446
185,185,tsimane,OMOC,None,0.038546
185,185,tsimane,OOCM,None,0.130325
185,185,tsimane,OCCO,None,0.020789
185,185,tsimane,CCOO,None,0.024524
185,185,tsimane,COCO,None,0.017718
185,185,tsimane,COOM,None,0.060834
186,186,tsimane,OMCO,None,0.022793
186,186,tsimane,OCOM,None,0.062297
186,186,tsimane,OOMC,None,0.413881
186,186,tsimane,OMOC,None,0.083355
186,186,tsimane,OOCM,None,0.281164
186,186,tsimane,OCCO,None,0.020153
186,186,tsimane,CCOO,None,0.020871
186,186,tsimane,COCO,None,0.024380
186,186,tsimane,COOM,None,0.071107
187,187,tsimane,OMCO,None,0.031475
187,187,tsimane,OCOM,None,0.081578
187,187,tsimane,OOMC,None,0.352973
187,187,tsimane,OMOC,None,0.115656
187,187,tsimane,OOCM,None,0.230080
187,187,tsimane,OCCO,None,0.030131
187,187,tsimane,CCOO,None,0.027700
187,187,tsimane,COCO,None,0.027502
187,187,tsimane,COOM,None,0.102904
188,188,tsimane,OMCO,None,0.028558
188,188,tsimane,OCOM,None,0.070306
188,188,tsimane,OOMC,None,0.393524
188,188,tsimane,OMOC,None,0.106584
188,188,tsimane,OOCM,None,0.200174
188,188,tsimane,OCCO,None,0.034584
188,188,tsimane,CCOO,None,0.028388
188,188,tsimane,COCO,None,0.032407
188,188,tsimane,COOM,None,0.105473
189,189,tsimane,OMCO,None,0.032896
189,189,tsimane,OCOM,None,0.081377
189,189,tsimane,OOMC,None,0.389375
189,189,tsimane,OMOC,None,0.077354
189,189,tsimane,OOCM,None,0.270683
189,189,tsimane,OCCO,None,0.035841
189,189,tsimane,CCOO,None,0.046147
189,189,tsimane,COCO,None,0.029976
189,189,tsimane,COOM,None,0.036351
190,190,tsimane,OMCO,None,0.040656
190,190,tsimane,OCOM,None,0.072090
190,190,tsimane,OOMC,None,0.519536
190,190,tsimane,OMOC,None,0.062787
190,190,tsimane,OOCM,None,0.199014
190,190,tsimane,OCCO,None,0.030161
190,190,tsimane,CCOO,None,0.027655
190,190,tsimane,COCO,None,0.018962
190,190,tsimane,COOM,None,0.029139
191,191,tsimane,OMCO,None,0.026904
191,191,tsimane,OCOM,None,0.079715
191,191,tsimane,OOMC,None,0.556217
191,191,tsimane,OMOC,None,0.038802
191,191,tsimane,OOCM,None,0.159957
191,191,tsimane,OCCO,None,0.024758
191,191,tsimane,CCOO,None,0.054193
191,191,tsimane,COCO,None,0.032594
191,191,tsimane,COOM,None,0.026859
192,192,tsimane,OMCO,None,0.031962
192,192,tsimane,OCOM,None,0.075433
192,192,tsimane,OOMC,None,0.568675
192,192,tsimane,OMOC,None,0.039271
192,192,tsimane,OOCM,None,0.153526
192,192,tsimane,OCCO,None,0.024364
192,192,tsimane,CCOO,None,0.047974
192,192,tsimane,COCO,None,0.031880
192,192,tsimane,COOM,None,0.026915
193,193,tsimane,OMCO,None,0.026180
193,193,tsimane,OCOM,None,0.070385
193,193,tsimane,OOMC,None,0.591174
193,193,tsimane,OMOC,None,0.037848
193,193,tsimane,OOCM,None,0.155601
193,193,tsimane,OCCO,None,0.018917
193,193,tsimane,CCOO,None,0.045924
193,193,tsimane,COCO,None,0.032447
193,193,tsimane,COOM,None,0.021524
194,194,tsimane,OMCO,None,0.026841
194,194,tsimane,OCOM,None,0.060182
194,194,tsimane,OOMC,None,0.544582
194,194,tsimane,OMOC,None,0.047899
194,194,tsimane,OOCM,None,0.189863
194,194,tsimane,OCCO,None,0.017861
194,194,tsimane,CCOO,None,0.054755
194,194,tsimane,COCO,None,0.034327
194,194,tsimane,COOM,None,0.023691
195,195,tsimane,OMCO,None,0.020642
195,195,tsimane,OCOM,None,0.050571
195,195,tsimane,OOMC,None,0.549956
195,195,tsimane,OMOC,None,0.061707
195,195,tsimane,OOCM,None,0.173101
195,195,tsimane,OCCO,None,0.021984
195,195,tsimane,CCOO,None,0.057731
195,195,tsimane,COCO,None,0.029549
195,195,tsimane,COOM,None,0.034759
196,196,tsimane,OMCO,None,0.020287
196,196,tsimane,OCOM,None,0.056049
196,196,tsimane,OOMC,None,0.562774
196,196,tsimane,OMOC,None,0.051058
196,196,tsimane,OOCM,None,0.174900
196,196,tsimane,OCCO,None,0.021152
196,196,tsimane,CCOO,None,0.052654
196,196,tsimane,COCO,None,0.031240
196,196,tsimane,COOM,None,0.029886
197,197,tsimane,OMCO,None,0.019112
197,197,tsimane,OCOM,None,0.056171
197,197,tsimane,OOMC,None,0.538220
197,197,tsimane,OMOC,None,0.044826
197,197,tsimane,OOCM,None,0.178634
197,197,tsimane,OCCO,None,0.026195
197,197,tsimane,CCOO,None,0.064866
197,197,tsimane,COCO,None,0.035411
197,197,tsimane,COOM,None,0.036566
198,198,tsimane,OMCO,None,0.019385
198,198,tsimane,OCOM,None,0.061042
198,198,tsimane,OOMC,None,0.445060
198,198,tsimane,OMOC,None,0.056771
198,198,tsimane,OOCM,None,0.266882
198,198,tsimane,OCCO,None,0.030953
198,198,tsimane,CCOO,None,0.029551
198,198,tsimane,COCO,None,0.023815
198,198,tsimane,COOM,None,0.066542
199,199,tsimane,OMCO,None,0.037040
199,199,tsimane,OCOM,None,0.071953
199,199,tsimane,OOMC,None,0.439421
199,199,tsimane,OMOC,None,0.070784
199,199,tsimane,OOCM,None,0.166715
199,199,tsimane,OCCO,None,0.030171
199,199,tsimane,CCOO,None,0.074640
199,199,tsimane,COCO,None,0.033256
199,199,tsimane,COOM,None,0.076020
